H0100001;	8796191411748;	8796125842989;	2-CAN-International-Limited
H0103001;	8796191477284;	8796125842989;	Fetia
H0105001;	8796191510052;	8796125842989;	Adventure
H0105002;	8796224146980;	8796125842989;	Adventure-(Asia)-Holdings-Limted
H0115001;	8796194033188;	8796125842989;	Belluna-Hong-Kong-Co.Limited
H0119001;	8796192558628;	8796125842989;	Babyganics
H0119002;	8796256914980;	8796125842989;	Bliss-&-Bless-International-Limited
H0119003;	8796256980516;	8796125842989;	Bliss-&-Bless-International-Limited
H0119004;	8796256947748;	8796125842989;	Bliss-&-Bless-International-Limited
H0121001;	8796192591396;	8796125842989;	Piyo
H0121002;	8796257046052;	8796125842989;	C-&-K-Enterprises-(International)-Ltd
H0121003;	8796257078820;	8796125842989;	C-&-K-Enterprises-(International)-Ltd
H0129001;	8796193771044;	8796125842989;	Chinese-Kitchen-Company-Limited
H0131001;	8796192624164;	8796125842989;	AILEBEBE
H0133001;	8796192656932;	8796125842989;	COMFI
H0136001;	8796193836580;	8796125842989;	Cult-de-Choco-Ltd
H0138001;	8796191608356;	8796125842989;	Grosse
H0142001;	8796192689700;	8796125842989;	Letterland
H0146001;	8796194131492;	8796125842989;	Frutodor-Limited
H0156001;	8796192755236;	8796125842989;	Breganwood
H0157001;	8796193476132;	8796125842989;	Eqiq
H0157002;	8796193541668;	8796125842989;	JEANNEPIERRE
H0157003;	8796257504804;	8796125842989;	GRI-Fashion-(HK)-Limited
H0157004;	8796193574436;	8796125842989;	NINEWEST
H0159001;	8796192788004;	8796125842989;	Hape
H0160001;	8796193967652;	8796125842989;	Health-Smart-Limited/???
H0170001;	8796192820772;	8796125842989;	Dwinguler
H0171002;	8796257013284;	8796125842989;	Innosphere-Product-Development-Limited
H0175001;	8796194164260;	8796125842989;	Jackwill-Company-Limited
H0176001;	8796192853540;	8796125842989;	Mam
H0177001;	8796192919076;	8796125842989;	Alzipmat
H0178001;	8796192951844;	8796125842989;	Attipas
H0180001;	8796193607204;	8796125842989;	Avi8
H0180002;	8796257111588;	8796125842989;	King-Time-(HK)-Trading-Limited
H0180003;	8796257144356;	8796125842989;	King-Time-(HK)-Trading-Limited
H0180004;	8796257177124;	8796125842989;	King-Time-(HK)-Trading-Limited
H0181001;	8796192198180;	8796125842989;	Pooch
H0188001;	8796193017380;	8796125842989;	BREMED
H0193001;	8796192230948;	8796125842989;	Maxmolly
H0195001;	8796193050148;	8796125842989;	利全 (Nature's Baby Formula)
H0197001;	8796194065956;	8796125842989;	Melvin-&-Co.-Limited
H0200001;	8796194000420;	8796125842989;	Model-1-Company-Limited
H0203001;	8796191641124;	8796093107757;	Icevanilla
H0205001;	8796193082916;	8796125842989;	Naturespurest
H0206001;	8796194098724;	8796125842989;	NDS-International-(HK)-Limited
H0208001;	8796192263716;	8796125842989;	Lchic
H0209001;	8796194295332;	8796125842989;	Nin-Jiom-Medicine-Manufactory(Hong Kong)-Limited
H0215001;	8796193115684;	8796125842989;	Kkids
H0216001;	8796193738276;	8796125842989;	Papabubble-Hong-Kong-Limited
H0218001;	8796192296484;	8796125842989;	Orijen
H0219001;	8796193803812;	8796125842989;	Plus-One-Limited-(Zchocolat)
H0220001;	8796193934884;	8796125842989;	Postgal-Workshop
H0221001;	8796193213988;	8796125842989;	Nuance
H0229004;	8796257308196;	8796125842989;	Raison-Company-Limited
H0231001;	8796193902116;	8796125842989;	Roku-Roku-Group-Limited
H0233001;	8796191706660;	8796125842989;	Ipanema
H0235001;	8796194229796;	8796125842989;	SampsonStore.com-Limited
H0236001;	8796192329252;	8796125842989;	aaaquarium
H0238001;	8796193246756;	8796125842989;	simpletouch
H0241001;	8796193279524;	8796125842989;	Spawawa
H0242001;	8796192362020;	8796125842989;	SPA
H0245001;	8796192394788;	8796125842989;	Pommecollection
H0246001;	8796193312292;	8796125842989;	HomeBrown
H0248001;	8796193869348;	8796125842989;	TAKON-Product-Development-Limited
H0251001;	8796191739428;	8796125842989;	Bauhaus
H0253001;	8796194262564;	8796125842989;	Tung-Fong-Hung-Foods-Limited
H0256001;	8796191378980;	8796125842989;	Uni-Beauty-Spa-Concept-Limited
H0257001;	8796193377828;	8796125842989;	Adorababies
H0258001;	8796191837732;	8796093107757;	Jojomamanbebe
H0258002;	8796191870500;	8796093107757;	Rockinbaby
H0259001;	8796192460324;	8796125842989;	Wellon
H0260001;	8796193410596;	8796125842989;	Fisherprice
H0260002;	8796257340964;	8796125842989;	Wenson-Development-Limited
H0260003;	8796257373732;	8796125842989;	Wenson-Development-Limited
H0260004;	8796257406500;	8796125842989;	Wenson-Development-Limited
H0260005;	8796257439268;	8796125842989;	Wenson-Development-Limited
H0260006;	8796257472036;	8796125842989;	Wenson-Development-Limited
H0272001;	8796193181220;	8796125842989;	Nuance
H0273001;	8796192427556;	8796125842989;	THERMOS
H0276001;	8796192525860;	8796125842989;	Slendertone
H0277001;	8796191542820;	8796125842989;	BetaEnterprises
H0278001;	8796192722468;	8796125842989;	Bokey
H0279001;	8796192886308;	8796125842989;	CANDIDE
H0280001;	8796191673892;	8796093107757;	Ginger
H0281001;	8796194197028;	8796125842989;	Phonejoy-Solutions-Limited
H0288001;	8796193148452;	8796125842989;	Babyprime
H0289001;	8796191804964;	8796093107757;	Blksheep
H0290001;	8796191575588;	8796125842989;	LukFook
H0292001;	8796257209892;	8796125842989;	Li-He-Foods-Limited
H0292002;	8796257242660;	8796125842989;	Li-He-Foods-Limited
H0292003;	8796192984612;	8796125842989;	Koala Baby
H0293001;	8796191772196;	8796125842989;	TSL
H0295001;	8796193345060;	8796125842989;	ORAL7
H0296001;	8796191444516;	8796125842989;	3Dgold
H0300001;	8796191968804;	8796093107757;	Reginamiracle
H0301001;	8796191936036;	8796125842989;	Florsheim
H0306001;	8796191903268;	8796125842989;	Shutalk
H0308001;	8796192099876;	8796093107757;	Privatestructure
H0309001;	8796193508900;	8796125842989;	Pandipanda
H0310001;	8796192001572;	8796093107757;	Mondayedition
H0310002;	8796257275428;	8796125842989;	Off-The-Wall-Company
H0311001;	8796192034340;	8796093107757;	Llana
H0315001;	8796192165412;	8796125842989;	Shinybeetle
H0316001;	8796192132644;	8796125842989;	Bibaexclusiv
H0317001;	8796192067108;	8796125842989;	Charriol
H0318002;	8796193672740;	8796125842989;	LÕOccitane-(Far-East)-Ltd.--Melvita
H0319001;	8796193705508;	8796125842989;	Pacifique-Agencies-(Far-East)-Limited-(Paul-&-Joe)
H0337001;	8796192493092;	8796125842989;	紅蘿蔔
H0338001;	8796193443364;	8796125842989;	Babydam
